<?xml version="1.0" encoding="UTF-8" standalone="yes"?>
<ventasarticulos>
    <articulo>
        <codigo>ART-112</codigo>
        <denominacion>Pala Padel NOX</denominacion>
        <stock>20</stock>
        <precio>70</precio>
    </articulo>
    <ventas>
        <venta>
            <numventa>10</numventa>
            <unidades>2</unidades>
            <nombrecliente>Alicia Ramos</nombrecliente>
            <fecha>10-10-2015</fecha>
        </venta>
        <venta>
            <numventa>11</numventa>
            <unidades>2</unidades>
            <nombrecliente>Pedro García</nombrecliente>
            <fecha>15-10-2015</fecha>
        </venta>
        <venta>
            <numventa>12</numventa>
            <unidades>6</unidades>
            <nombrecliente>Alberto Gil</nombrecliente>
            <fecha>20-10-2015</fecha>
        </venta>
        <venta>
            <numventa>13</numventa>
            <unidades>3</unidades>
            <nombrecliente>Carmen Alcalde</nombrecliente>
            <fecha>26-09-2024</fecha>
        </venta>
        <venta>
            <numventa>14</numventa>
            <unidades>1</unidades>
            <nombrecliente>Conchi</nombrecliente>
            <fecha>Conchi</fecha>
        </venta>
        <venta>
            <numventa>15</numventa>
            <unidades>3</unidades>
            <nombrecliente>Carlos</nombrecliente>
            <fecha>02-09-2024</fecha>
        </venta>
        <venta>
            <numventa>16</numventa>
            <unidades>3</unidades>
            <nombrecliente>Carlota</nombrecliente>
            <fecha>10-10-2024</fecha>
        </venta>
        <venta>
            <numventa>17</numventa>
            <unidades>4</unidades>
            <nombrecliente>Javier</nombrecliente>
            <fecha>02-02-2022</fecha>
        </venta>
        <venta>
            <numventa>18</numventa>
            <unidades>2</unidades>
            <nombrecliente>Jaime</nombrecliente>
            <fecha>02-02-2022</fecha>
        </venta>
        <venta>
            <numventa>19</numventa>
            <unidades>2</unidades>
            <nombrecliente>Jaime</nombrecliente>
            <fecha>02-10-2024</fecha>
        </venta>
        <venta>
            <numventa>20</numventa>
            <unidades>2</unidades>
            <nombrecliente>Jaime</nombrecliente>
            <fecha>07-10-2024</fecha>
        </venta>
    </ventas>
</ventasarticulos>
