<?xml version="1.0" encoding="UTF-8"?>
<ventasarticulos>
 <articulo>
  <artic>
  	<codigo>ART-112</codigo>
  	<denominacion>Pala Padel NOX</denominacion>
  	<stock>20</stock>
  	<precio>70</precio>
  </artic>
  <ventas>
		<venta>
			<numventa>10</numventa>
			<unidades>2</unidades>
			<nombrecliente>Alicia Ramos</nombrecliente>
			<fecha>10-10-2015</fecha>
		</venta>
			<venta>
			<numventa>11</numventa>
			<unidades>2</unidades>
			<nombrecliente>Pedro García</nombrecliente>
			 <fecha>15-10-2015</fecha>
		</venta>
			<venta>
			<numventa>12</numventa>
			<unidades>6</unidades>
			<nombrecliente>Alberto Gil</nombrecliente>
			<fecha>20-10-2015</fecha>
		</venta>  
   </ventas>
 </articulo>
<articulo>
  <artic>
  	<codigo>ART-001</codigo>
  	<denominacion>Garrafa Aceite Arbequina</denominacion>
  	<stock>10</stock>
  	<precio>25</precio>
  </artic>
  <ventas>
  	<venta>
   		<numventa>1</numventa>
   		<unidades>2</unidades>
   		<nombrecliente>Casa Rural La Alameda</nombrecliente>
   		<fecha>10-11-2017</fecha>
 	</venta>
    	<venta>
   		<numventa>3</numventa>
   		<unidades>2</unidades>
   		<nombrecliente>Ana Gil</nombrecliente>
  		 <fecha>15-12-2017</fecha>
  	</venta>
    <venta>
   		<numventa>7</numventa>
   		<unidades>6</unidades>
   		<nombrecliente>Pedro Moreno Gil</nombrecliente>
   		<fecha>20-01-2018</fecha>
  	</venta>  
    <venta>
   		<numventa>10</numventa>
   		<unidades>5</unidades>
   		<nombrecliente>Juan Ruíz</nombrecliente>
   		<fecha>25-01-2018</fecha>
  	</venta>
  </ventas>
</articulo>
<articulo>
  <artic>
  	<codigo>ART-102</codigo>
  	<denominacion>Bote Pelotas NOX</denominacion>
  	<stock>50</stock>
  	<precio>5</precio>
  </artic>
  <ventas>
  	<venta>
   		<numventa>12</numventa>
   		<unidades>2</unidades>
   		<nombrecliente>María García</nombrecliente>
   		<fecha>05-10-2018</fecha>
 	</venta>
    <venta>
   		<numventa>15</numventa>
   		<unidades>5</unidades>
   		<nombrecliente>Asier Ramiro</nombrecliente>
  		 <fecha>10-10-2018</fecha>
  	</venta>
  </ventas>
 </articulo>
</ventasarticulos>